GlobalRank,TldRank,Domain,TLD,RefSubNets,RefIPs,IDN_Domain,IDN_TLD,PrevGlobalRank,PrevTldRank,PrevRefSubNets,PrevRefIPs
1,1,google.com,com,500000,4000000,google.com,com,1,1,499000,3990000
2,2,facebook.com,com,450000,3500000,facebook.com,com,2,2,449000,3490000
3,3,youtube.com,com,400000,3200000,youtube.com,com,3,3,399000,3190000
4,1,wikipedia.org,org,380000,3000000,wikipedia.org,org,4,1,379000,2990000
5,4,github.com,com,360000,2800000,github.com,com,5,4,359000,2790000
6,5,stackoverflow.com,com,340000,2600000,stackoverflow.com,com,6,5,339000,2590000
7,6,cloudflare.com,com,320000,2400000,cloudflare.com,com,7,6,319000,2390000
8,7,amazon.com,com,300000,2200000,amazon.com,com,8,7,299000,2190000
9,8,microsoft.com,com,280000,2000000,microsoft.com,com,9,8,279000,1990000
10,9,apple.com,com,260000,1800000,apple.com,com,10,9,259000,1790000
11,10,twitter.com,com,240000,1600000,twitter.com,com,11,10,239000,1590000
12,11,linkedin.com,com,220000,1400000,linkedin.com,com,12,11,219000,1390000
13,2,mozilla.org,org,200000,1200000,mozilla.org,org,13,2,199000,1190000
14,12,reddit.com,com,180000,1000000,reddit.com,com,14,12,179000,990000
15,3,archive.org,org,160000,900000,archive.org,org,15,3,159000,890000
16,1,bit.ly,ly,150000,850000,bit.ly,ly,16,1,149000,840000
17,13,pastebin.com,com,140000,800000,pastebin.com,com,17,13,139000,790000
